weight,shape,scale
0.458741262823497,1.31889836446476,6064.8867641863
0.00516247466098124,82.4824650289808,91.5096774445868
0.536096262515522,18.8496502710327,177.0080057077
