weight,shape,scale
0.53316177085047,18.9245148853013,176.192721920085
0.46683822914953,1.33709530958937,5963.03371337716
