weight,shape,scale
0.567786952730632,2.02899142111935,2119.31690162018
0.179971775841785,2087.42639539556,1.16580457624216
0.252241271427583,17265.043905391,0.519382162822168
