weight,shape,scale
0.156218415900143,16618.4090030954,0.540109513014056
0.26536819438965,1.29674119913879,3804.50473020419
0.578413389710208,5.23102487673071,658.39398271472
