weight,shape,scale
0.151951171401038,16921.1376237138,0.530498267519661
0.70422194990301,2.28594836083436,1836.51012393678
0.143826878695952,2438.29869668498,0.997398549018283
