weight,shape,scale
0.53316887906011,18.9235306537849,176.203236964361
0.46683112093989,1.33713687250137,5962.79848632712
