weight,shape,scale
0.448112275498164,2.00259881309891,2093.43027036091
0.230172218914682,1316.03312117963,1.85243751107023
0.321715505587154,16574.4553150013,0.541055741019914
